A101B   ,00:23:eb:ae:09:f0   
A125   ,00:23:eb:ac:9b:a0   
A1-FINAID-HALL   ,00:23:eb:ac:ae:30   
A2-ADMISSIONS   ,00:23:eb:26:98:30   
A2-MARKETING   ,00:23:eb:ac:9d:a0   
A2-PRESIDENT   ,00:23:eb:ac:ab:d0   
A3-CONTRL-RM   ,00:23:eb:27:0a:c0   
A3-ELEVATOR   ,00:23:eb:ae:07:60   
A3-FINANCE   ,00:23:eb:ac:ab:70   
A4-DGCE   ,00:23:eb:26:74:30   
C10-1F2   ,18:ef:63:fc:17:b0   
C11-1F2   ,a4:0c:c3:47:b4:d0   
C11-3F2   ,f4:7f:35:2e:6a:80   
C1-1F2   ,a4:0c:c3:47:86:d0   
C12-1F1   ,f4:7f:35:76:bb:e0   
C12-3F1   ,a4:0c:c3:47:87:d0   
C13-1F2   ,a4:0c:c3:47:b9:60   
C14-1F1   ,88:75:56:14:f1:f0   
C15-2F1   ,00:23:eb:ae:01:00   
C15-3F2   ,00:23:eb:ae:04:20   
C16-2F1   ,00:23:eb:ae:04:f0   
C16-3F2   ,f4:7f:35:50:95:00   
C17-2F1   ,ac:a0:16:bb:01:40   
C17-3F2   ,1c:17:d3:fd:a5:a0   
C18-1F1   ,a4:0c:c3:47:8e:20   
C18-3F2   ,a4:0c:c3:47:ac:e0   
C19-1F2   ,a4:0c:c3:47:8a:30   
C20-2F1   ,ac:a0:16:ba:fc:80   
C20-3F2   ,a4:0c:c3:47:2b:30   
C21-1F1   ,a4:0c:c3:47:6d:a0   
C21-3F1   ,a4:0c:c3:47:8a:d0   
C2-1F1   ,f4:7f:35:2f:ad:70   
C22-1F2   ,a4:0c:c3:47:87:90   
C22-3F2   ,0c:d9:96:6b:e9:a0   
C23-1F1   ,ac:a0:16:52:7d:90   
C23-3F1   ,a4:0c:c3:47:c3:d0   
C2-3F1   ,a4:0c:c3:47:a7:90   
C24-2F1   ,ac:a0:16:bb:a3:f0   
C24-3F2   ,a4:0c:c3:47:b1:70   
C25-1F1   ,ac:a0:16:bb:a9:10   
C25-3F1   ,ac:a0:16:bb:a8:e0   
C26-1F2   ,1c:17:d3:fd:f4:10   
C3-2F1   ,a4:0c:c3:47:8d:a0   
C3-3F3   ,88:75:56:82:63:c0   
C4-1F1   ,ac:a0:16:bb:a7:60   
C4-3F1   ,ac:a0:16:53:bf:a0   
C5-2F1   ,ac:a0:16:ba:fa:e0   
C5-3F2   ,f4:7f:35:84:1d:40   
C6-1F1   ,a4:0c:c3:47:a1:a0   
C6-3F2   ,ac:a0:16:ba:f6:90   
C7-1F1   ,a4:0c:c3:47:ab:a0   
C7-2F1   ,0c:d9:96:6b:f5:a0   
C7-3F2   ,a4:0c:c3:47:83:e0   
C8-2F1   ,0c:d9:96:ed:b6:10   
C8-3F2   ,a4:0c:c3:47:9e:40   
C9-1F1   ,a4:0c:c3:47:8e:e0   
C9-3F2   ,1c:17:d3:fd:a2:b0   
D1002   ,18:ef:63:fc:12:60   
D1103-LEFT5   ,00:23:eb:ae:0e:70   
D1109-RIGHT3   ,18:ef:63:fc:14:d0   
D1128   ,00:23:eb:ad:ff:d0   
D1144   ,18:ef:63:59:fc:e0   
D1218   ,d0:57:4c:56:02:50   
D1231   ,f4:7f:35:84:1d:00   
D1238-RIGHT3   ,00:23:eb:ac:e1:90   
D1250   ,18:ef:63:59:fb:d0   
D1304-RIGHT4   ,18:ef:63:fc:14:a0   
D1313   ,18:ef:63:fc:0a:80   
D1323   ,00:23:eb:ae:38:d0   
D1329   ,00:23:eb:ae:10:20   
D1343-RIGHT4   ,18:ef:63:fc:11:70   
D1416   ,d0:57:4c:56:46:40   
D1435   ,00:23:eb:ac:9b:80   
D1450-RIGHT4   ,d0:57:4c:56:51:00   
D1502-LEFT4   ,18:ef:63:fd:a6:50   
D1513-RIGHT4   ,00:23:eb:ac:c1:60   
D1530-LEFT3   ,d0:57:4c:56:52:70   
D1533-LEFT5   ,18:ef:63:fd:fd:70   
D1-IDF-LEFT3   ,00:23:eb:ae:19:b0   
D2-LOBBY   ,18:ef:63:fc:17:60   
D4-LOBBY   ,18:ef:63:fc:0f:30   
G109   ,00:23:eb:27:07:90   
G123   ,f4:7f:35:2f:5e:e0   
G133   ,f4:7f:35:2f:5e:b0   
L108-IN-BACK   ,00:23:eb:ae:3f:c0   
L114-OUT   ,00:26:99:2d:55:a0   
L122-OUT   ,00:26:99:2d:56:a0   
L128-FAR-RIGHT   ,00:26:99:23:b7:e0   
L168-IN   ,00:26:99:2d:58:30   
L1-LOBBY   ,00:26:99:23:b9:20   
L209-OUT   ,00:26:99:2d:55:80   
L219-OUT   ,00:26:99:2d:59:00   
L2-CAFE   ,00:23:eb:27:09:70   
L2-CHILDREN-LNG   ,00:26:99:2d:56:b0   
L303-OUT   ,a4:0c:c3:97:f5:00   
L309    ,88:f0:31:92:35:60
L312-OUT   ,00:26:99:2d:59:30
L323-OUT   ,00:26:99:2d:58:10   
LEI-CLOSET   ,00:23:eb:ae:37:d0   
MINISTRY   ,18:ef:63:fc:10:c0   
MS-1A   ,34:bd:c8:11:da:50   
MS-1B   ,88:75:56:01:d4:c0   
MS-2A   ,88:75:56:01:dd:e0   
MS-AUD   ,88:75:56:01:f4:60   
MS-LOBBY   ,34:bd:c8:11:d9:a0   
PRESS-BOX   ,54:75:d0:e7:b3:70   
S103-IN   ,ac:a0:16:bb:a7:f0   
S104-IN   ,00:23:eb:ad:fc:c0   
S107-IN   ,1c:17:d3:fd:f6:90   
S108-IN   ,f4:7f:35:2f:ae:c0   
S119-IN   ,88:75:56:6e:dd:90   
S120-IN   ,1c:17:d3:fd:a5:80   
S123-IN   ,f4:7f:35:50:1f:f0   
S124-IN   ,f4:7f:35:2f:73:40   
S129-LEFT2   ,a4:0c:c3:47:87:70   
S136-RIGHT5   ,ac:a0:16:bb:9e:e0   
S1-AUDIT-STAGE   ,00:23:eb:ad:eb:30   
S1-EAGER-AUD   ,54:75:d0:e7:b6:b0   
S205-IN   ,88:75:56:82:66:c0   
S210-LEFT8   ,ac:a0:16:bb:aa:f0   
S226-RIGHT3   ,ac:a0:16:bb:a2:10   
S240-OUT   ,ac:a0:16:bb:8a:60   
S241J   ,88:75:56:3a:35:d0   
S302-LEFT2   ,ac:a0:16:bb:9a:b0   
S314-OUT   ,ac:a0:16:bb:a6:70   
S320-OUT   ,ac:a0:16:bb:a4:20   
SC1-FOOD-COURT   ,88:75:56:3a:a6:00   
SC1-NS-AUD-OUT   ,1c:17:d3:fd:a4:b0   
SC1-PUB-IN   ,a4:0c:c3:47:88:c0   
SC2-LIVING-LEFT-TV   ,a4:0c:c3:47:8b:50   
SC320   ,ac:a0:16:ba:fe:90   
SC3-CLOSET   ,ac:a0:16:bb:a6:60   
SC3-FALLON-RM   ,ac:a0:16:bb:9f:d0   
SC-ROOF   ,54:75:d0:e7:aa:90   
ST103-LEFT4   ,ac:a0:16:ba:fd:d0   
ST107-LEFT10   ,ac:a0:16:bb:a7:e0   
ST110D-OUT5   ,ac:a0:16:bb:a8:60   
ST113-BCK-OUT   ,ac:a0:16:52:ab:f0   
ST203-IN8   ,ac:a0:16:bb:a1:20   
ST210S-RIGHT4   ,ac:a0:16:bb:9d:e0   
ST213-IN   ,f4:7f:35:2f:c8:90   
ST215-LEFT4   ,1c:17:d3:fd:f2:d0   
ST223-RIGHT2   ,ac:a0:16:bb:a2:c0   
ST307-LEFT3   ,ac:a0:16:ba:f9:20   
ST310D-OUT4   ,ac:a0:16:bb:a0:f0   
ST315-LEFT19   ,1c:17:d3:fd:a5:d0   
ST319-IN   ,ac:a0:16:bb:a5:e0   
ST405-IN-RIGHT9   ,ac:a0:16:bb:a9:70   
ST410D-OUT6   ,ac:a0:16:bb:a5:80   
ST413-RIGHT7   ,ac:a0:16:bb:9f:e0   
ST421-IN-LEFT11   ,ac:a0:16:52:53:80   
W101   ,a4:0c:c3:47:a9:50   
W104-LEFT4   ,00:23:eb:ae:03:80   
W119B   ,a4:0c:c3:47:a1:b0   
W119-LEFT6   ,a4:0c:c3:47:ab:00   
W202-RIGHT4   ,1c:17:d3:ca:85:20   
W209-RIGHT3   ,ac:a0:16:53:8a:30   
W211-RIGHT6   ,a4:0c:c3:47:b2:50   
W213-RIGHT8   ,a4:0c:c3:47:8f:60   
W2-GAME-ROOM   ,ac:a0:16:bb:a6:40   
W2-IDF-RIGHT3   ,1c:17:d3:ca:77:80   
W2-STAIR-A   ,f4:7f:35:2f:c9:60   
W302-RIGHT10   ,a4:0c:c3:47:8b:e0   
W304-RIGHT10   ,a4:0c:c3:47:a8:a0   
W309-RIGHT3   ,a4:0c:c3:47:9e:60   
W310-RIGHT5   ,1c:17:d3:ca:84:50   
W312-RIGHT7   ,1c:17:d3:ca:85:90   
W3-GAME-ROOM   ,d0:57:4c:56:04:60   
W402-RIGHT4   ,1c:17:d3:16:f7:30   
W408-RIGHT4   ,1c:17:d3:fd:f2:20   
W410-RIGHT5   ,1c:17:d3:ca:81:90   
W412-RIGHT7   ,1c:17:d3:cb:29:70   
W4-IDF-RIGHT3   ,1c:17:d3:17:66:a0   
W502-RIGHT7   ,1c:17:d3:16:f7:00   
W509-RIGHT4   ,ac:a0:16:ca:df:90   
W510-RIGHT4   ,a4:0c:c3:47:ba:90   
W513-RIGHT7   ,a4:0c:c3:47:a3:00   
W5-GAME-ROOM   ,00:23:eb:ac:97:c0   
W5-IDF-RIGHT2   ,1c:17:d3:ca:85:50   
W602-RIGHT5   ,a4:0c:c3:47:8a:b0   
W609-RIGHT4   ,a4:0c:c3:47:c6:10   
W610-RIGHT3   ,a4:0c:c3:47:8d:c0   
W612-RIGHT3   ,a4:0c:c3:47:a8:e0   
W6-GAME-ROOM   ,f4:7f:35:84:14:40   
W6-IDF-RIGHT2   ,a4:0c:c3:46:c6:c0   
WCC-BACKENTR   ,00:23:eb:ae:34:e0   
WCC-LOBBY   ,d0:57:4c:56:4b:60   
WCC-PCLAB   ,18:ef:63:59:fa:40   
